NodeID,PacketNo,Iteration,RSSI,AbsTime,RecordedTime
0,0,25,-21,0509682,00000000
0,1,25,-21,0509712,00000000
0,2,25,-21,0509742,00000000
0,3,25,-21,0509771,00000000
0,4,25,-21,0509801,00000000
0,5,25,-21,0509830,00000000
0,6,25,-21,0509860,00000000
0,7,25,-21,0509889,00000000
0,8,25,-21,0509919,00000000
0,9,25,-21,0509948,00000000
0,0,26,-21,0510287,00000000
0,1,26,-21,0510317,00000000
0,2,26,-21,0510346,00000000
0,3,26,-21,0510376,00000000
0,4,26,-21,0510405,00000000
0,5,26,-21,0510435,00000000
0,6,26,-21,0510464,00000000
0,7,26,-21,0510494,00000000
0,8,26,-21,0510523,00000000
0,9,26,-21,0510553,00000000
0,0,27,-21,0510892,00000000
0,1,27,-20,0510921,00000000
0,2,27,-21,0510951,00000000
0,3,27,-21,0510980,00000000
0,4,27,-21,0511010,00000000
0,5,27,-21,0511039,00000000
0,6,27,-21,0511069,00000000
0,7,27,-21,0511098,00000000
0,8,27,-21,0511128,00000000
0,9,27,-21,0511158,00000000
0,0,28,-21,0511496,00000000
0,1,28,-21,0511526,00000000
0,2,28,-22,0511555,00000000
0,3,28,-23,0511585,00000000
0,4,28,-24,0511614,00000000
0,5,28,-25,0511644,00000000
0,6,28,-26,0511673,00000000
0,7,28,-26,0511703,00000000
0,8,28,-27,0511733,00000000
0,9,28,-27,0511762,00000000
0,0,29,-26,0512101,00000000
0,1,29,-26,0512130,00000000
0,2,29,-26,0512160,00000000
0,3,29,-27,0512189,00000000
0,4,29,-27,0512219,00000000
0,5,29,-28,0512248,00000000
0,6,29,-28,0512278,00000000
0,7,29,-29,0512308,00000000
0,8,29,-30,0512337,00000000
0,9,29,-30,0512367,00000000
0,0,30,-27,0512705,00000000
0,1,30,-26,0512735,00000000
0,2,30,-24,0512764,00000000
0,3,30,-23,0512794,00000000
0,4,30,-21,0512823,00000000
0,5,30,-21,0512853,00000000
0,6,30,-21,0512883,00000000
0,7,30,-20,0512912,00000000
0,8,30,-20,0512942,00000000
0,9,30,-20,0512971,00000000
0,0,31,-20,0513310,00000000
0,1,31,-20,0513339,00000000
0,2,31,-20,0513369,00000000
0,3,31,-20,0513398,00000000
0,4,31,-20,0513428,00000000
0,5,31,-20,0513458,00000000
0,6,31,-20,0513487,00000000
0,7,31,-20,0513517,00000000
0,8,31,-20,0513546,00000000
0,9,31,-20,0513576,00000000
0,0,32,-23,0513914,00000000
0,1,32,-25,0513944,00000000
0,2,32,-27,0513973,00000000
0,3,32,-30,0514003,00000000
0,4,32,-31,0514033,00000000
0,5,32,-32,0514062,00000000
0,6,32,-33,0514092,00000000
0,7,32,-36,0514121,00000000
0,8,32,-36,0514151,00000000
0,9,32,-37,0514180,00000000
0,0,33,-23,0514519,00000000
0,1,33,-24,0514548,00000000
0,2,33,-24,0514578,00000000
0,3,33,-25,0514608,00000000
0,4,33,-24,0514637,00000000
0,5,33,-25,0514667,00000000
0,6,33,-30,0514696,00000000
0,7,33,-31,0514726,00000000
0,8,33,-30,0514755,00000000
0,9,33,-29,0514785,00000000
0,0,34,-30,0515123,00000000
0,1,34,-30,0515153,00000000
0,2,34,-32,0515183,00000000
0,3,34,-33,0515212,00000000
0,4,34,-32,0515242,00000000
0,5,34,-32,0515271,00000000
0,6,34,-32,0515301,00000000
0,7,34,-31,0515330,00000000
0,8,34,-31,0515360,00000000
0,9,34,-31,0515389,00000000
0,0,35,-20,0515728,00000000
0,1,35,-21,0515757,00000000
0,2,35,-20,0515787,00000000
0,3,35,-20,0515817,00000000
0,4,35,-20,0515846,00000000
0,5,35,-20,0515876,00000000
0,6,35,-20,0515905,00000000
0,7,35,-20,0515935,00000000
0,8,35,-20,0515964,00000000
0,9,35,-20,0515994,00000000
0,0,36,-20,0516332,00000000
0,1,36,-20,0516362,00000000
0,2,36,-20,0516392,00000000
0,3,36,-20,0516421,00000000
0,4,36,-20,0516451,00000000
0,5,36,-20,0516480,00000000
0,6,36,-20,0516510,00000000
0,7,36,-20,0516539,00000000
0,8,36,-20,0516569,00000000
0,9,36,-20,0516598,00000000
0,0,37,-20,0516937,00000000
0,1,37,-20,0516967,00000000
0,2,37,-20,0516996,00000000
0,3,37,-21,0517026,00000000
0,4,37,-22,0517055,00000000
0,5,37,-25,0517085,00000000
0,6,37,-29,0517114,00000000
0,7,37,-32,0517144,00000000
0,8,37,-39,0517173,00000000
0,9,37,-35,0517203,00000000
0,0,38,-34,0517542,00000000
0,1,38,-32,0517571,00000000
0,2,38,-32,0517601,00000000
0,3,38,-32,0517630,00000000
0,4,38,-33,0517660,00000000
0,5,38,-33,0517689,00000000
0,6,38,-36,0517719,00000000
0,7,38,-36,0517748,00000000
0,8,38,-35,0517778,00000000
0,9,38,-33,0517808,00000000
0,0,39,-27,0518146,00000000
0,1,39,-27,0518176,00000000
0,2,39,-27,0518205,00000000
0,3,39,-27,0518235,00000000
0,4,39,-27,0518264,00000000
0,5,39,-27,0518294,00000000
0,6,39,-27,0518323,00000000
0,7,39,-27,0518353,00000000
0,8,39,-27,0518383,00000000
0,9,39,-28,0518412,00000000
0,0,40,-27,0518751,00000000
0,1,40,-27,0518780,00000000
0,2,40,-27,0518810,00000000
0,3,40,-27,0518839,00000000
0,4,40,-27,0518869,00000000
0,5,40,-27,0518899,00000000
0,6,40,-27,0518928,00000000
0,7,40,-27,0518958,00000000
0,8,40,-27,0518987,00000000
0,9,40,-27,0519017,00000000
0,0,41,-27,0519355,00000000
0,1,41,-27,0519385,00000000
0,2,41,-27,0519414,00000000
0,3,41,-28,0519444,00000000
0,4,41,-28,0519473,00000000
0,5,41,-28,0519503,00000000
0,6,41,-28,0519533,00000000
0,7,41,-27,0519562,00000000
0,8,41,-28,0519592,00000000
0,9,41,-28,0519621,00000000
0,0,42,-28,0519960,00000000
0,1,42,-27,0519989,00000000
0,2,42,-27,0520019,00000000
0,3,42,-26,0520048,00000000
0,4,42,-26,0520078,00000000
0,5,42,-27,0520108,00000000
0,6,42,-28,0520137,00000000
0,7,42,-30,0520167,00000000
0,8,42,-30,0520196,00000000
0,9,42,-31,0520226,00000000
0,0,43,-37,0520564,00000000
0,1,43,-37,0520594,00000000
0,2,43,-33,0520623,00000000
0,3,43,-32,0520653,00000000
0,4,43,-32,0520683,00000000
0,5,43,-31,0520712,00000000
0,6,43,-31,0520742,00000000
0,7,43,-31,0520771,00000000
0,8,43,-31,0520801,00000000
0,9,43,-30,0520830,00000000
0,0,44,-25,0521169,00000000
0,1,44,-25,0521198,00000000
0,2,44,-26,0521228,00000000
0,3,44,-26,0521258,00000000
0,4,44,-27,0521287,00000000
0,5,44,-27,0521317,00000000
0,6,44,-27,0521346,00000000
0,7,44,-28,0521376,00000000
0,8,44,-28,0521405,00000000
0,9,44,-28,0521435,00000000
0,0,45,-27,0521773,00000000
0,1,45,-26,0521803,00000000
0,2,45,-25,0521833,00000000
0,3,45,-24,0521862,00000000
0,4,45,-25,0521892,00000000
0,5,45,-26,0521921,00000000
0,6,45,-27,0521951,00000000
0,7,45,-27,0521980,00000000
0,8,45,-27,0522010,00000000
0,9,45,-26,0522039,00000000
0,0,46,-25,0522378,00000000
0,1,46,-24,0522408,00000000
0,2,46,-24,0522437,00000000
0,3,46,-24,0522467,00000000
0,4,46,-24,0522496,00000000
0,5,46,-24,0522526,00000000
0,6,46,-24,0522555,00000000
0,7,46,-24,0522585,00000000
0,8,46,-24,0522614,00000000
0,9,46,-24,0522644,00000000
0,0,47,-26,0522982,00000000
0,1,47,-24,0523012,00000000
0,2,47,-24,0523042,00000000
0,3,47,-24,0523071,00000000
0,4,47,-26,0523101,00000000
0,5,47,-28,0523130,00000000
0,6,47,-27,0523160,00000000
0,7,47,-26,0523189,00000000
0,8,47,-27,0523219,00000000
0,9,47,-30,0523248,00000000
0,0,48,-21,0523587,00000000
0,1,48,-20,0523617,00000000
0,2,48,-21,0523646,00000000
0,3,48,-21,0523676,00000000
0,4,48,-21,0523705,00000000
0,5,48,-20,0523735,00000000
0,6,48,-21,0523764,00000000
0,7,48,-21,0523794,00000000
0,8,48,-20,0523823,00000000
0,9,48,-20,0523853,00000000
0,0,49,-21,0524192,00000000
0,1,49,-21,0524221,00000000
0,2,49,-21,0524251,00000000
0,3,49,-21,0524280,00000000
0,4,49,-21,0524310,00000000
0,5,49,-21,0524339,00000000
0,6,49,-21,0524369,00000000
0,7,49,-21,0524398,00000000
0,8,49,-20,0524428,00000000
0,9,49,-20,0524458,00000000
0,0,50,-21,0524796,00000000
0,1,50,-21,0524826,00000000
0,2,50,-21,0524855,00000000
0,3,50,-21,0524885,00000000
0,4,50,-20,0524914,00000000
0,5,50,-21,0524944,00000000
0,6,50,-21,0524974,00000000
0,7,50,-21,0525003,00000000
0,8,50,-21,0525033,00000000
0,9,50,-21,0525062,00000000
0,0,51,-21,0525401,00000000
0,1,51,-21,0525430,00000000
0,2,51,-21,0525460,00000000
0,3,51,-21,0525489,00000000
0,4,51,-21,0525519,00000000
0,5,51,-21,0525548,00000000
0,6,51,-21,0525578,00000000
0,7,51,-21,0525608,00000000
0,8,51,-21,0525637,00000000
0,9,51,-21,0525667,00000000
0,0,52,-21,0526005,00000000
0,1,52,-21,0526035,00000000
0,2,52,-21,0526064,00000000
0,3,52,-21,0526094,00000000
0,4,52,-22,0526123,00000000
0,5,52,-22,0526153,00000000
0,6,52,-22,0526183,00000000
0,7,52,-22,0526212,00000000
0,8,52,-22,0526242,00000000
0,9,52,-22,0526271,00000000
0,0,53,-22,0526610,00000000
0,1,53,-22,0526639,00000000
0,2,53,-22,0526669,00000000
0,3,53,-22,0526698,00000000
0,4,53,-22,0526728,00000000
0,5,53,-22,0526758,00000000
0,6,53,-22,0526787,00000000
0,7,53,-22,0526817,00000000
0,8,53,-22,0526846,00000000
0,9,53,-22,0526876,00000000
0,0,54,-23,0527214,00000000
0,1,54,-23,0527244,00000000
0,2,54,-23,0527273,00000000
0,3,54,-23,0527303,00000000
0,4,54,-23,0527332,00000000
0,5,54,-23,0527362,00000000
0,6,54,-23,0527392,00000000
0,7,54,-23,0527421,00000000
0,8,54,-23,0527451,00000000
0,9,54,-23,0527480,00000000
0,0,55,-23,0527819,00000000
0,1,55,-23,0527848,00000000
0,2,55,-23,0527878,00000000
0,3,55,-23,0527908,00000000
0,4,55,-23,0527937,00000000
0,5,55,-23,0527967,00000000
0,6,55,-23,0527996,00000000
0,7,55,-23,0528026,00000000
0,8,55,-22,0528055,00000000
0,9,55,-21,0528085,00000000
0,0,56,-20,0528423,00000000
0,1,56,-20,0528453,00000000
0,2,56,-20,0528482,00000000
0,3,56,-20,0528512,00000000
0,4,56,-20,0528542,00000000
0,5,56,-20,0528571,00000000
0,6,56,-20,0528601,00000000
0,7,56,-20,0528630,00000000
0,8,56,-20,0528660,00000000
0,9,56,-20,0528689,00000000
0,0,57,-20,0529028,00000000
0,1,57,-20,0529057,00000000
0,2,57,-20,0529087,00000000
0,3,57,-20,0529117,00000000
0,4,57,-20,0529146,00000000
0,5,57,-20,0529176,00000000
0,6,57,-20,0529205,00000000
0,7,57,-20,0529235,00000000
0,8,57,-20,0529264,00000000
0,9,57,-20,0529294,00000000
0,0,58,-20,0529632,00000000
0,1,58,-20,0529662,00000000
0,2,58,-20,0529692,00000000
0,3,58,-21,0529721,00000000
0,4,58,-21,0529751,00000000
0,5,58,-21,0529780,00000000
0,6,58,-21,0529810,00000000
0,7,58,-20,0529839,00000000
0,8,58,-20,0529869,00000000
0,9,58,-20,0529898,00000000
0,0,59,-21,0530237,00000000
0,1,59,-21,0530267,00000000
0,2,59,-21,0530296,00000000
0,3,59,-21,0530326,00000000
0,4,59,-21,0530355,00000000
0,5,59,-21,0530385,00000000
0,6,59,-20,0530414,00000000
0,7,59,-20,0530444,00000000
0,8,59,-20,0530473,00000000
0,9,59,-20,0530503,00000000
0,0,60,-21,0530841,00000000
0,1,60,-21,0530871,00000000
0,2,60,-20,0530901,00000000
0,3,60,-21,0530930,00000000
0,4,60,-21,0530960,00000000
0,5,60,-21,0530989,00000000
0,6,60,-21,0531019,00000000
0,7,60,-21,0531048,00000000
0,8,60,-21,0531078,00000000
0,9,60,-21,0531107,00000000
0,0,61,-22,0531446,00000000
0,1,61,-22,0531476,00000000
0,2,61,-21,0531505,00000000
0,3,61,-21,0531535,00000000
0,4,61,-21,0531564,00000000
0,5,61,-21,0531594,00000000
0,6,61,-22,0531623,00000000
0,7,61,-21,0531653,00000000
0,8,61,-21,0531683,00000000
0,9,61,-21,0531712,00000000
0,0,62,-22,0532051,00000000
0,1,62,-23,0532080,00000000
0,2,62,-23,0532110,00000000
0,3,62,-24,0532139,00000000
0,4,62,-24,0532169,00000000
0,5,62,-24,0532198,00000000
0,6,62,-25,0532228,00000000
0,7,62,-27,0532258,00000000
0,8,62,-27,0532287,00000000
0,9,62,-26,0532317,00000000
0,0,63,-28,0532655,00000000
0,1,63,-27,0532685,00000000
0,2,63,-27,0532714,00000000
0,3,63,-27,0532744,00000000
0,4,63,-28,0532773,00000000
0,5,63,-30,0532803,00000000
0,6,63,-32,0532833,00000000
0,7,63,-32,0532862,00000000
0,8,63,-33,0532892,00000000
0,9,63,-35,0532921,00000000
0,0,64,-35,0533260,00000000
0,1,64,-35,0533289,00000000
0,2,64,-35,0533319,00000000
0,3,64,-36,0533348,00000000
0,4,64,-36,0533378,00000000
0,5,64,-36,0533408,00000000
0,6,64,-36,0533437,00000000
0,7,64,-36,0533467,00000000
0,8,64,-37,0533496,00000000
0,9,64,-37,0533526,00000000
0,0,65,-36,0533864,00000000
0,1,65,-37,0533894,00000000
0,2,65,-38,0533923,00000000
0,3,65,-39,0533953,00000000
0,4,65,-41,0533983,00000000
0,5,65,-44,0534012,00000000
0,6,65,-47,0534042,00000000
0,7,65,-49,0534071,00000000
0,8,65,-50,0534101,00000000
0,9,65,-50,0534130,00000000
0,0,66,-57,0534469,00000000
0,1,66,-59,0534498,00000000
0,2,66,-54,0534528,00000000
0,3,66,-55,0534557,00000000
0,4,66,-59,0534587,00000000
0,5,66,-53,0534617,00000000
0,6,66,-48,0534646,00000000
0,7,66,-48,0534676,00000000
0,8,66,-52,0534705,00000000
0,9,66,-53,0534735,00000000
0,0,67,-42,0535073,00000000
0,1,67,-43,0535103,00000000
0,2,67,-45,0535132,00000000
0,3,67,-44,0535162,00000000
0,4,67,-44,0535192,00000000
0,5,67,-46,0535221,00000000
0,6,67,-46,0535251,00000000
0,7,67,-48,0535280,00000000
0,8,67,-51,0535310,00000000
0,9,67,-50,0535339,00000000
0,0,68,-43,0535678,00000000
0,1,68,-43,0535707,00000000
0,2,68,-44,0535737,00000000
0,3,68,-46,0535766,00000000
0,4,68,-48,0535796,00000000
0,5,68,-48,0535826,00000000
0,6,68,-48,0535855,00000000
0,7,68,-48,0535885,00000000
0,8,68,-49,0535914,00000000
0,9,68,-50,0535944,00000000
0,0,69,-43,0536282,00000000
0,1,69,-42,0536312,00000000
0,2,69,-43,0536341,00000000
0,3,69,-45,0536371,00000000
0,4,69,-46,0536401,00000000
0,5,69,-48,0536430,00000000
0,6,69,-52,0536460,00000000
0,7,69,-54,0536489,00000000
0,8,69,-52,0536519,00000000
0,9,69,-51,0536548,00000000
0,0,70,-42,0536887,00000000
0,1,70,-41,0536916,00000000
0,2,70,-40,0536946,00000000
0,3,70,-40,0536976,00000000
0,4,70,-40,0537005,00000000
0,5,70,-40,0537035,00000000
0,6,70,-40,0537064,00000000
0,7,70,-40,0537094,00000000
0,8,70,-40,0537123,00000000
0,9,70,-40,0537153,00000000
0,0,71,-42,0537491,00000000
0,1,71,-42,0537521,00000000
0,2,71,-41,0537551,00000000
0,3,71,-41,0537580,00000000
0,4,71,-41,0537610,00000000
0,5,71,-42,0537639,00000000
0,6,71,-42,0537669,00000000
0,7,71,-43,0537698,00000000
0,8,71,-44,0537728,00000000
0,9,71,-47,0537757,00000000
0,0,72,-42,0538096,00000000
0,1,72,-42,0538126,00000000
0,2,72,-42,0538155,00000000
0,3,72,-45,0538185,00000000
0,4,72,-48,0538214,00000000
0,5,72,-48,0538244,00000000
0,6,72,-48,0538273,00000000
0,7,72,-45,0538303,00000000
0,8,72,-46,0538333,00000000
0,9,72,-47,0538362,00000000
0,0,73,-52,0538701,00000000
0,1,73,-54,0538730,00000000
0,2,73,-60,0538760,00000000
0,3,73,-59,0538789,00000000
0,4,73,-50,0538819,00000000
0,5,73,-46,0538848,00000000
0,6,73,-44,0538878,00000000
0,7,73,-43,0538907,00000000
0,8,73,-43,0538937,00000000
0,9,73,-44,0538967,00000000
0,0,74,-54,0539305,00000000
0,1,74,-62,0539335,00000000
0,2,74,-56,0539364,00000000
0,3,74,-52,0539394,00000000
0,4,74,-52,0539423,00000000
0,5,74,-57,0539453,00000000
0,6,74,-63,0539482,00000000
0,7,74,-66,0539512,00000000
0,8,74,-73,0539542,00000000
0,9,74,-76,0539571,00000000
0,0,75,-54,0539910,00000000
0,1,75,-60,0539939,00000000
0,2,75,-62,0539969,00000000
0,3,75,-54,0539998,00000000
0,4,75,-53,0540028,00000000
0,5,75,-55,0540058,00000000
0,6,75,-62,0540087,00000000
0,7,75,-62,0540117,00000000
0,8,75,-56,0540146,00000000
0,9,75,-54,0540176,00000000
0,0,76,-61,0540514,00000000
0,1,76,-56,0540544,00000000
0,2,76,-60,0540573,00000000
0,3,76,-67,0540603,00000000
0,4,76,-58,0540632,00000000
0,5,76,-54,0540662,00000000
0,6,76,-52,0540692,00000000
0,7,76,-53,0540721,00000000
0,8,76,-57,0540751,00000000
0,9,76,-59,0540780,00000000
0,0,77,-60,0541119,00000000
0,1,77,-68,0541148,00000000
0,2,77,-69,0541178,00000000
0,3,77,-59,0541207,00000000
0,4,77,-58,0541237,00000000
0,5,77,-59,0541267,00000000
0,6,77,-64,0541296,00000000
0,7,77,-70,0541326,00000000
0,8,77,-73,0541355,00000000
0,9,77,-74,0541385,00000000
0,0,78,-55,0541723,00000000
0,1,78,-62,0541753,00000000
0,2,78,-72,0541782,00000000
0,3,78,-60,0541812,00000000
0,4,78,-59,0541842,00000000
0,5,78,-61,0541871,00000000
0,6,78,-76,0541901,00000000
0,7,78,-61,0541930,00000000
0,8,78,-57,0541960,00000000
0,9,78,-60,0541989,00000000
0,0,79,-65,0542328,00000000
0,1,79,-65,0542357,00000000
0,2,79,-66,0542387,00000000
0,3,79,-68,0542417,00000000
0,4,79,-66,0542446,00000000
0,5,79,-62,0542476,00000000
0,6,79,-60,0542505,00000000
0,7,79,-60,0542535,00000000
0,8,79,-60,0542564,00000000
0,9,79,-60,0542594,00000000
0,0,80,-62,0542932,00000000
0,1,80,-62,0542962,00000000
0,2,80,-64,0542992,00000000
0,3,80,-64,0543021,00000000
0,4,80,-64,0543051,00000000
0,5,80,-60,0543080,00000000
0,6,80,-58,0543110,00000000
0,7,80,-57,0543139,00000000
0,8,80,-57,0543169,00000000
0,9,80,-58,0543198,00000000
0,0,81,-69,0543537,00000000
0,1,81,-61,0543567,00000000
0,2,81,-56,0543596,00000000
0,3,81,-54,0543626,00000000
0,4,81,-54,0543655,00000000
0,5,81,-54,0543685,00000000
0,6,81,-54,0543714,00000000
0,7,81,-55,0543744,00000000
0,8,81,-54,0543773,00000000
0,9,81,-54,0543803,00000000
0,0,82,-56,0544141,00000000
0,1,82,-54,0544171,00000000
0,2,82,-53,0544201,00000000
0,3,82,-53,0544230,00000000
0,4,82,-53,0544260,00000000
0,5,82,-54,0544289,00000000
0,6,82,-54,0544319,00000000
0,7,82,-55,0544348,00000000
0,8,82,-56,0544378,00000000
0,9,82,-57,0544407,00000000
0,0,83,-64,0544746,00000000
0,1,83,-59,0544776,00000000
0,2,83,-58,0544805,00000000
0,3,83,-57,0544835,00000000
0,4,83,-58,0544864,00000000
0,5,83,-60,0544894,00000000
0,6,83,-69,0544923,00000000
0,7,83,-67,0544953,00000000
0,8,83,-60,0544982,00000000
0,9,83,-58,0545012,00000000
0,0,84,-62,0545351,00000000
0,1,84,-60,0545380,00000000
0,2,84,-60,0545410,00000000
0,3,84,-61,0545439,00000000
0,4,84,-62,0545469,00000000
0,5,84,-64,0545498,00000000
0,6,84,-65,0545528,00000000
0,7,84,-63,0545557,00000000
0,8,84,-60,0545587,00000000
0,9,84,-59,0545617,00000000
0,0,85,-52,0545955,00000000
0,1,85,-53,0545985,00000000
0,2,85,-53,0546014,00000000
0,3,85,-53,0546044,00000000
0,4,85,-53,0546073,00000000
0,5,85,-54,0546103,00000000
0,6,85,-55,0546132,00000000
0,7,85,-58,0546162,00000000
0,8,85,-62,0546192,00000000
0,9,85,-65,0546221,00000000
0,0,86,-52,0546560,00000000
0,1,86,-53,0546589,00000000
0,2,86,-54,0546619,00000000
0,3,86,-53,0546648,00000000
0,4,86,-53,0546678,00000000
0,5,86,-54,0546707,00000000
0,6,86,-55,0546737,00000000
0,7,86,-54,0546767,00000000
0,8,86,-54,0546796,00000000
0,9,86,-54,0546826,00000000
0,0,87,-50,0547164,00000000
0,1,87,-48,0547194,00000000
0,2,87,-49,0547223,00000000
0,3,87,-50,0547253,00000000
0,4,87,-52,0547282,00000000
0,5,87,-54,0547312,00000000
0,6,87,-52,0547341,00000000
0,7,87,-50,0547371,00000000
0,8,87,-49,0547401,00000000
0,9,87,-50,0547430,00000000
0,0,88,-61,0547769,00000000
0,1,88,-59,0547798,00000000
0,2,88,-60,0547828,00000000
0,3,88,-58,0547857,00000000
0,4,88,-58,0547887,00000000
0,5,88,-58,0547917,00000000
0,6,88,-58,0547946,00000000
0,7,88,-60,0547976,00000000
0,8,88,-63,0548005,00000000
0,9,88,-68,0548035,00000000
0,0,89,-62,0548373,00000000
0,1,89,-64,0548403,00000000
0,2,89,-66,0548432,00000000
0,3,89,-66,0548462,00000000
0,4,89,-66,0548492,00000000
0,5,89,-65,0548521,00000000
0,6,89,-64,0548551,00000000
0,7,89,-64,0548580,00000000
0,8,89,-64,0548610,00000000
0,9,89,-65,0548639,00000000
0,0,90,-73,0548978,00000000
0,1,90,-73,0549007,00000000
0,2,90,-76,0549037,00000000
0,3,90,-76,0549067,00000000
0,4,90,-77,0549096,00000000
0,5,90,-79,0549126,00000000
0,6,90,-77,0549155,00000000
0,7,90,-78,0549185,00000000
0,8,90,-79,0549214,00000000
0,9,90,-79,0549244,00000000
0,0,91,-73,0549582,00000000
0,1,91,-73,0549612,00000000
0,2,91,-74,0549641,00000000
0,3,91,-72,0549671,00000000
0,4,91,-68,0549701,00000000
0,5,91,-66,0549730,00000000
0,6,91,-66,0549760,00000000
0,7,91,-67,0549789,00000000
0,8,91,-68,0549819,00000000
0,9,91,-67,0549848,00000000
0,0,92,-59,0550187,00000000
0,1,92,-60,0550217,00000000
0,2,92,-60,0550246,00000000
0,3,92,-61,0550276,00000000
0,4,92,-61,0550305,00000000
0,5,92,-62,0550335,00000000
0,6,92,-62,0550364,00000000
0,7,92,-60,0550394,00000000
0,8,92,-60,0550423,00000000
0,9,92,-61,0550453,00000000
0,0,93,-56,0550792,00000000
0,1,93,-55,0550821,00000000
0,2,93,-54,0550851,00000000
0,3,93,-54,0550880,00000000
0,4,93,-54,0550910,00000000
0,5,93,-54,0550939,00000000
0,6,93,-54,0550969,00000000
0,7,93,-54,0550998,00000000
0,8,93,-54,0551028,00000000
0,9,93,-55,0551058,00000000
0,0,94,-57,0551396,00000000
0,1,94,-57,0551426,00000000
0,2,94,-56,0551455,00000000
0,3,94,-56,0551485,00000000
0,4,94,-56,0551514,00000000
0,5,94,-56,0551544,00000000
0,6,94,-56,0551573,00000000
0,7,94,-56,0551603,00000000
0,8,94,-55,0551633,00000000
0,9,94,-55,0551662,00000000
0,0,95,-56,0552001,00000000
0,1,95,-56,0552030,00000000
0,2,95,-56,0552060,00000000
0,3,95,-56,0552089,00000000
0,4,95,-56,0552119,00000000
0,5,95,-56,0552148,00000000
0,6,95,-56,0552178,00000000
0,7,95,-56,0552207,00000000
0,8,95,-56,0552237,00000000
0,9,95,-56,0552267,00000000
0,0,96,-57,0552605,00000000
0,1,96,-57,0552635,00000000
0,2,96,-57,0552664,00000000
0,3,96,-56,0552694,00000000
0,4,96,-56,0552723,00000000
0,5,96,-56,0552753,00000000
0,6,96,-55,0552783,00000000
0,7,96,-55,0552812,00000000
0,8,96,-55,0552842,00000000
0,9,96,-55,0552871,00000000
0,0,97,-55,0553210,00000000
0,1,97,-55,0553239,00000000
0,2,97,-55,0553269,00000000
0,3,97,-56,0553298,00000000
0,4,97,-55,0553328,00000000
0,5,97,-55,0553357,00000000
0,6,97,-55,0553387,00000000
0,7,97,-55,0553417,00000000
0,8,97,-56,0553446,00000000
0,9,97,-56,0553476,00000000
0,0,98,-56,0553814,00000000
0,1,98,-56,0553844,00000000
0,2,98,-55,0553873,00000000
0,3,98,-55,0553903,00000000
0,4,98,-55,0553932,00000000
0,5,98,-54,0553962,00000000
0,6,98,-54,0553992,00000000
0,7,98,-54,0554021,00000000
0,8,98,-54,0554051,00000000
0,9,98,-54,0554080,00000000
0,0,99,-55,0554419,00000000
0,1,99,-55,0554448,00000000
0,2,99,-55,0554478,00000000
0,3,99,-55,0554507,00000000
0,4,99,-56,0554537,00000000
0,5,99,-56,0554567,00000000
0,6,99,-56,0554596,00000000
0,7,99,-55,0554626,00000000
0,8,99,-55,0554655,00000000
0,9,99,-56,0554685,00000000
0,0,100,-55,0555023,00000000
0,1,100,-55,0555053,00000000
0,2,100,-55,0555082,00000000
0,3,100,-55,0555112,00000000
0,4,100,-55,0555142,00000000
0,5,100,-55,0555171,00000000
0,6,100,-55,0555201,00000000
0,7,100,-55,0555230,00000000
0,8,100,-55,0555260,00000000
0,9,100,-55,0555289,00000000
0,0,101,-55,0555628,00000000
0,1,101,-55,0555657,00000000
0,2,101,-55,0555687,00000000
0,3,101,-55,0555717,00000000
0,4,101,-55,0555746,00000000
0,5,101,-55,0555776,00000000
0,6,101,-55,0555805,00000000
0,7,101,-55,0555835,00000000
0,8,101,-55,0555864,00000000
0,9,101,-55,0555894,00000000
0,0,102,-55,0556232,00000000
0,1,102,-55,0556262,00000000
0,2,102,-55,0556292,00000000
0,3,102,-55,0556321,00000000
0,4,102,-55,0556351,00000000
0,5,102,-55,0556380,00000000
0,6,102,-55,0556410,00000000
0,7,102,-56,0556439,00000000
0,8,102,-55,0556469,00000000
0,9,102,-55,0556498,00000000
0,0,103,-55,0556837,00000000
0,1,103,-55,0556867,00000000
0,2,103,-55,0556896,00000000
0,3,103,-55,0556926,00000000
0,4,103,-56,0556955,00000000
0,5,103,-55,0556985,00000000
0,6,103,-55,0557014,00000000
0,7,103,-55,0557044,00000000
0,8,103,-55,0557073,00000000
0,9,103,-55,0557103,00000000
0,0,104,-56,0557442,00000000
0,1,104,-55,0557471,00000000
0,2,104,-55,0557501,00000000
0,3,104,-55,0557530,00000000
0,4,104,-55,0557560,00000000
0,5,104,-55,0557589,00000000
0,6,104,-55,0557619,00000000
0,7,104,-55,0557648,00000000
0,8,104,-55,0557678,00000000
0,9,104,-55,0557708,00000000
0,0,105,-55,0558046,00000000
0,1,105,-55,0558076,00000000
0,2,105,-55,0558105,00000000
0,3,105,-55,0558135,00000000
0,4,105,-55,0558164,00000000
0,5,105,-55,0558194,00000000
0,6,105,-55,0558223,00000000
0,7,105,-55,0558253,00000000
0,8,105,-55,0558283,00000000
0,9,105,-55,0558312,00000000
0,0,106,-55,0558651,00000000
0,1,106,-55,0558680,00000000
0,2,106,-55,0558710,00000000
0,3,106,-55,0558739,00000000
0,4,106,-55,0558769,00000000
0,5,106,-55,0558798,00000000
0,6,106,-55,0558828,00000000
0,7,106,-55,0558858,00000000
0,8,106,-55,0558887,00000000
0,9,106,-55,0558917,00000000
0,0,107,-55,0559255,00000000
0,1,107,-55,0559285,00000000
0,2,107,-55,0559314,00000000
0,3,107,-55,0559344,00000000
0,4,107,-55,0559373,00000000
0,5,107,-55,0559403,00000000
0,6,107,-55,0559433,00000000
0,7,107,-55,0559462,00000000
0,8,107,-55,0559492,00000000
0,9,107,-55,0559521,00000000
0,0,108,-55,0559860,00000000
0,1,108,-55,0559889,00000000
0,2,108,-55,0559919,00000000
0,3,108,-55,0559948,00000000
0,4,108,-55,0559978,00000000
0,5,108,-55,0560008,00000000
0,6,108,-55,0560037,00000000
0,7,108,-55,0560067,00000000
0,8,108,-55,0560096,00000000
0,9,108,-55,0560126,00000000
0,0,109,-55,0560464,00000000
0,1,109,-55,0560494,00000000
0,2,109,-55,0560523,00000000
0,3,109,-55,0560553,00000000
0,4,109,-55,0560582,00000000
0,5,109,-55,0560612,00000000
0,6,109,-55,0560642,00000000
0,7,109,-55,0560671,00000000
0,8,109,-55,0560701,00000000
0,9,109,-55,0560730,00000000
0,0,110,-55,0561069,00000000
0,1,110,-55,0561098,00000000
0,2,110,-55,0561128,00000000
0,3,110,-55,0561157,00000000
0,4,110,-55,0561187,00000000
0,5,110,-55,0561217,00000000
0,6,110,-55,0561246,00000000
0,7,110,-55,0561276,00000000
0,8,110,-55,0561305,00000000
0,9,110,-55,0561335,00000000
0,0,111,-55,0561673,00000000
0,1,111,-55,0561703,00000000
0,2,111,-55,0561733,00000000
0,3,111,-55,0561762,00000000
0,4,111,-55,0561792,00000000
0,5,111,-55,0561821,00000000
0,6,111,-55,0561851,00000000
0,7,111,-55,0561880,00000000
0,8,111,-55,0561910,00000000
0,9,111,-55,0561939,00000000
0,0,112,-56,0562278,00000000
0,1,112,-56,0562307,00000000
0,2,112,-56,0562337,00000000
0,3,112,-56,0562367,00000000
0,4,112,-56,0562396,00000000
0,5,112,-56,0562426,00000000
0,6,112,-56,0562455,00000000
0,7,112,-56,0562485,00000000
0,8,112,-56,0562514,00000000
0,9,112,-56,0562544,00000000
0,0,113,-56,0562882,00000000
0,1,113,-56,0562912,00000000
0,2,113,-56,0562942,00000000
0,3,113,-56,0562971,00000000
0,4,113,-56,0563001,00000000
0,5,113,-57,0563030,00000000
0,6,113,-57,0563060,00000000
0,7,113,-56,0563089,00000000
0,8,113,-56,0563119,00000000
0,9,113,-57,0563148,00000000
0,0,114,-56,0563487,00000000
0,1,114,-56,0563517,00000000
0,2,114,-56,0563546,00000000
0,3,114,-56,0563576,00000000
0,4,114,-56,0563605,00000000
0,5,114,-56,0563635,00000000
0,6,114,-57,0563664,00000000
0,7,114,-57,0563694,00000000
0,8,114,-57,0563723,00000000
0,9,114,-57,0563753,00000000
0,0,115,-57,0564092,00000000
0,1,115,-57,0564121,00000000
0,2,115,-56,0564151,00000000
0,3,115,-56,0564180,00000000
0,4,115,-55,0564210,00000000
0,5,115,-55,0564239,00000000
0,6,115,-54,0564269,00000000
0,7,115,-54,0564298,00000000
0,8,115,-54,0564328,00000000
0,9,115,-54,0564358,00000000
0,0,116,-56,0564696,00000000
0,1,116,-56,0564726,00000000
0,2,116,-57,0564755,00000000
0,3,116,-58,0564785,00000000
0,4,116,-58,0564814,00000000
0,5,116,-58,0564844,00000000
0,6,116,-58,0564873,00000000
0,7,116,-58,0564903,00000000
0,8,116,-59,0564933,00000000
0,9,116,-60,0564962,00000000
0,0,117,-61,0565301,00000000
0,1,117,-61,0565330,00000000
0,2,117,-61,0565360,00000000
0,3,117,-61,0565389,00000000
0,4,117,-60,0565419,00000000
0,5,117,-60,0565449,00000000
0,6,117,-59,0565478,00000000
0,7,117,-59,0565508,00000000
0,8,117,-58,0565537,00000000
0,9,117,-58,0565567,00000000
0,0,118,-58,0565905,00000000
0,1,118,-56,0565935,00000000
0,2,118,-55,0565964,00000000
0,3,118,-54,0565994,00000000
0,4,118,-54,0566023,00000000
0,5,118,-53,0566053,00000000
0,6,118,-53,0566083,00000000
0,7,118,-54,0566112,00000000
0,8,118,-54,0566142,00000000
0,9,118,-54,0566171,00000000
0,0,119,-54,0566510,00000000
0,1,119,-54,0566539,00000000
0,2,119,-54,0566569,00000000
0,3,119,-54,0566599,00000000
0,4,119,-54,0566628,00000000
0,5,119,-54,0566658,00000000
0,6,119,-54,0566687,00000000
0,7,119,-54,0566717,00000000
0,8,119,-54,0566746,00000000
0,9,119,-54,0566776,00000000
0,0,120,-54,0567114,00000000
0,1,120,-54,0567144,00000000
0,2,120,-54,0567174,00000000
0,3,120,-54,0567203,00000000
0,4,120,-54,0567233,00000000
0,5,120,-54,0567262,00000000
0,6,120,-54,0567292,00000000
0,7,120,-54,0567321,00000000
0,8,120,-54,0567351,00000000
0,9,120,-54,0567380,00000000
0,0,121,-54,0567719,00000000
0,1,121,-54,0567748,00000000
0,2,121,-54,0567778,00000000
0,3,121,-54,0567808,00000000
0,4,121,-54,0567837,00000000
0,5,121,-54,0567867,00000000
0,6,121,-54,0567896,00000000
0,7,121,-54,0567926,00000000
0,8,121,-54,0567955,00000000
0,9,121,-54,0567985,00000000
0,0,122,-54,0568323,00000000
0,1,122,-54,0568353,00000000
0,2,122,-54,0568383,00000000
0,3,122,-54,0568412,00000000
0,4,122,-54,0568442,00000000
0,5,122,-54,0568471,00000000
0,6,122,-54,0568501,00000000
0,7,122,-54,0568530,00000000
0,8,122,-54,0568560,00000000
0,9,122,-54,0568589,00000000
0,0,123,-54,0568928,00000000
0,1,123,-54,0568958,00000000
0,2,123,-54,0568987,00000000
0,3,123,-54,0569017,00000000
0,4,123,-54,0569046,00000000
0,5,123,-54,0569076,00000000
0,6,123,-54,0569105,00000000
0,7,123,-54,0569135,00000000
0,8,123,-54,0569164,00000000
0,9,123,-54,0569194,00000000
0,0,124,-54,0569533,00000000
0,1,124,-54,0569562,00000000
0,2,124,-54,0569592,00000000
0,3,124,-54,0569621,00000000
0,4,124,-54,0569651,00000000
0,5,124,-54,0569680,00000000
0,6,124,-54,0569710,00000000
0,7,124,-54,0569739,00000000
0,8,124,-54,0569769,00000000
0,9,124,-54,0569799,00000000
0,0,125,-54,0570137,00000000
0,1,125,-54,0570167,00000000
0,2,125,-54,0570196,00000000
0,3,125,-54,0570226,00000000
0,4,125,-54,0570255,00000000
0,5,125,-54,0570285,00000000
0,6,125,-54,0570314,00000000
0,7,125,-54,0570344,00000000
0,8,125,-54,0570374,00000000
0,9,125,-54,0570403,00000000
0,0,126,-54,0570742,00000000
0,1,126,-54,0570771,00000000
0,2,126,-54,0570801,00000000
0,3,126,-54,0570830,00000000
0,4,126,-54,0570860,00000000
0,5,126,-54,0570889,00000000
0,6,126,-54,0570919,00000000
0,7,126,-54,0570949,00000000
0,8,126,-54,0570978,00000000
0,9,126,-54,0571008,00000000
0,0,127,-54,0571346,00000000
0,1,127,-54,0571376,00000000
0,2,127,-54,0571405,00000000
0,3,127,-54,0571435,00000000
0,4,127,-54,0571464,00000000
0,5,127,-54,0571494,00000000
0,6,127,-54,0571524,00000000
0,7,127,-54,0571553,00000000
0,8,127,-54,0571583,00000000
0,9,127,-54,0571612,00000000
0,0,128,-54,0571951,00000000
0,1,128,-54,0571980,00000000
0,2,128,-54,0572010,00000000
0,3,128,-54,0572039,00000000
0,4,128,-54,0572069,00000000
0,5,128,-54,0572099,00000000
0,6,128,-54,0572128,00000000
0,7,128,-54,0572158,00000000
0,8,128,-54,0572187,00000000
0,9,128,-54,0572217,00000000
0,0,129,-54,0572555,00000000
0,1,129,-54,0572585,00000000
0,2,129,-54,0572614,00000000
0,3,129,-54,0572644,00000000
0,4,129,-54,0572674,00000000
0,5,129,-54,0572703,00000000
0,6,129,-54,0572733,00000000
0,7,129,-54,0572762,00000000
0,8,129,-54,0572792,00000000
0,9,129,-54,0572821,00000000
0,0,130,-54,0573160,00000000
0,1,130,-54,0573189,00000000
0,2,130,-54,0573219,00000000
0,3,130,-54,0573248,00000000
0,4,130,-54,0573278,00000000
0,5,130,-54,0573308,00000000
0,6,130,-54,0573337,00000000
0,7,130,-54,0573367,00000000
0,8,130,-54,0573396,00000000
0,9,130,-54,0573426,00000000
0,0,131,-54,0573764,00000000
0,1,131,-54,0573794,00000000
0,2,131,-54,0573823,00000000
0,3,131,-54,0573853,00000000
0,4,131,-54,0573883,00000000
0,5,131,-54,0573912,00000000
0,6,131,-54,0573942,00000000
0,7,131,-54,0573971,00000000
0,8,131,-54,0574001,00000000
0,9,131,-54,0574030,00000000
0,0,132,-54,0574369,00000000
0,1,132,-54,0574398,00000000
0,2,132,-54,0574428,00000000
0,3,132,-54,0574458,00000000
0,4,132,-54,0574487,00000000
0,5,132,-54,0574517,00000000
0,6,132,-54,0574546,00000000
0,7,132,-54,0574576,00000000
0,8,132,-54,0574605,00000000
0,9,132,-54,0574635,00000000
0,0,133,-54,0574973,00000000
0,1,133,-54,0575003,00000000
0,2,133,-54,0575033,00000000
0,3,133,-54,0575062,00000000
0,4,133,-54,0575092,00000000
0,5,133,-54,0575121,00000000
0,6,133,-54,0575151,00000000
0,7,133,-54,0575180,00000000
0,8,133,-54,0575210,00000000
0,9,133,-54,0575239,00000000
0,0,134,-54,0575578,00000000
0,1,134,-54,0575608,00000000
0,2,134,-54,0575637,00000000
0,3,134,-54,0575667,00000000
0,4,134,-54,0575696,00000000
0,5,134,-54,0575726,00000000
0,6,134,-54,0575755,00000000
0,7,134,-54,0575785,00000000
0,8,134,-54,0575814,00000000
0,9,134,-54,0575844,00000000
0,0,135,-54,0576183,00000000
0,1,135,-54,0576212,00000000
0,2,135,-54,0576242,00000000
0,3,135,-54,0576271,00000000
0,4,135,-54,0576301,00000000
0,5,135,-54,0576330,00000000
0,6,135,-54,0576360,00000000
0,7,135,-54,0576389,00000000
0,8,135,-54,0576419,00000000
0,9,135,-54,0576449,00000000
0,0,136,-54,0576787,00000000
0,1,136,-54,0576817,00000000
0,2,136,-54,0576846,00000000
0,3,136,-54,0576876,00000000
0,4,136,-54,0576905,00000000
0,5,136,-54,0576935,00000000
0,6,136,-54,0576964,00000000
0,7,136,-54,0576994,00000000
0,8,136,-54,0577024,00000000
0,9,136,-54,0577053,00000000
0,0,137,-54,0577392,00000000
0,1,137,-54,0577421,00000000
0,2,137,-54,0577451,00000000
0,3,137,-54,0577480,00000000
0,4,137,-54,0577510,00000000
0,5,137,-54,0577539,00000000
0,6,137,-54,0577569,00000000
0,7,137,-54,0577598,00000000
0,8,137,-54,0577628,00000000
0,9,137,-54,0577658,00000000
0,0,138,-54,0577996,00000000
0,1,138,-54,0578026,00000000
0,2,138,-54,0578055,00000000
0,3,138,-54,0578085,00000000
0,4,138,-54,0578114,00000000
0,5,138,-54,0578144,00000000
0,6,138,-54,0578173,00000000
0,7,138,-54,0578203,00000000
0,8,138,-54,0578233,00000000
0,9,138,-54,0578262,00000000
0,0,139,-54,0578601,00000000
0,1,139,-54,0578630,00000000
0,2,139,-54,0578660,00000000
0,3,139,-54,0578689,00000000
0,4,139,-54,0578719,00000000
0,5,139,-54,0578749,00000000
0,6,139,-54,0578778,00000000
0,7,139,-54,0578808,00000000
0,8,139,-54,0578837,00000000
0,9,139,-54,0578867,00000000
0,0,140,-54,0579205,00000000
0,1,140,-54,0579235,00000000
0,2,140,-54,0579264,00000000
0,3,140,-54,0579294,00000000
0,4,140,-54,0579323,00000000
0,5,140,-54,0579353,00000000
0,6,140,-54,0579383,00000000
0,7,140,-54,0579412,00000000
0,8,140,-54,0579442,00000000
0,9,140,-54,0579471,00000000
0,0,141,-54,0579810,00000000
0,1,141,-54,0579839,00000000
0,2,141,-54,0579869,00000000
0,3,141,-54,0579898,00000000
0,4,141,-54,0579928,00000000
0,5,141,-54,0579958,00000000
0,6,141,-54,0579987,00000000
0,7,141,-54,0580017,00000000
0,8,141,-54,0580046,00000000
0,9,141,-54,0580076,00000000
0,0,142,-54,0580414,00000000
0,1,142,-54,0580444,00000000
0,2,142,-54,0580474,00000000
0,3,142,-54,0580503,00000000
0,4,142,-54,0580533,00000000
0,5,142,-54,0580562,00000000
0,6,142,-54,0580592,00000000
0,7,142,-54,0580621,00000000
0,8,142,-54,0580651,00000000
0,9,142,-54,0580680,00000000
0,0,143,-54,0581019,00000000
0,1,143,-54,0581048,00000000
0,2,143,-54,0581078,00000000
0,3,143,-54,0581108,00000000
0,4,143,-54,0581137,00000000
0,5,143,-54,0581167,00000000
0,6,143,-54,0581196,00000000
0,7,143,-54,0581226,00000000
0,8,143,-54,0581255,00000000
0,9,143,-54,0581285,00000000
0,0,144,-54,0581623,00000000
0,1,144,-54,0581653,00000000
0,2,144,-54,0581683,00000000
0,3,144,-54,0581712,00000000
0,4,144,-54,0581742,00000000
0,5,144,-54,0581771,00000000
0,6,144,-54,0581801,00000000
0,7,144,-54,0581830,00000000
0,8,144,-54,0581860,00000000
0,9,144,-54,0581889,00000000
0,0,145,-54,0582228,00000000
0,1,145,-54,0582258,00000000
0,2,145,-54,0582287,00000000
0,3,145,-54,0582317,00000000
0,4,145,-54,0582346,00000000
0,5,145,-54,0582376,00000000
0,6,145,-54,0582405,00000000
0,7,145,-54,0582435,00000000
0,8,145,-54,0582464,00000000
0,9,145,-54,0582494,00000000
0,0,146,-54,0582833,00000000
0,1,146,-54,0582862,00000000
0,2,146,-54,0582892,00000000
0,3,146,-54,0582921,00000000
0,4,146,-54,0582951,00000000
0,5,146,-54,0582980,00000000
0,6,146,-54,0583010,00000000
0,7,146,-54,0583040,00000000
0,8,146,-54,0583069,00000000
0,9,146,-54,0583099,00000000
0,0,147,-54,0583437,00000000
0,1,147,-54,0583467,00000000
0,2,147,-54,0583496,00000000
0,3,147,-54,0583526,00000000
0,4,147,-54,0583555,00000000
0,5,147,-54,0583585,00000000
0,6,147,-54,0583615,00000000
0,7,147,-54,0583644,00000000
0,8,147,-54,0583674,00000000
0,9,147,-54,0583703,00000000
0,0,148,-54,0584042,00000000
0,1,148,-54,0584071,00000000
0,2,148,-54,0584101,00000000
0,3,148,-54,0584130,00000000
0,4,148,-54,0584160,00000000
0,5,148,-54,0584189,00000000
0,6,148,-54,0584219,00000000
0,7,148,-54,0584249,00000000
0,8,148,-54,0584278,00000000
0,9,148,-54,0584308,00000000
0,0,149,-54,0584646,00000000
0,1,149,-54,0584676,00000000
0,2,149,-54,0584705,00000000
0,3,149,-54,0584735,00000000
0,4,149,-54,0584764,00000000
0,5,149,-54,0584794,00000000
0,6,149,-54,0584824,00000000
0,7,149,-54,0584853,00000000
0,8,149,-54,0584883,00000000
0,9,149,-54,0584912,00000000
0,0,150,-54,0585251,00000000
0,1,150,-54,0585280,00000000
0,2,150,-54,0585310,00000000
0,3,150,-54,0585339,00000000
0,4,150,-54,0585369,00000000
0,5,150,-54,0585399,00000000
0,6,150,-54,0585428,00000000
0,7,150,-54,0585458,00000000
0,8,150,-54,0585487,00000000
0,9,150,-54,0585517,00000000
0,0,151,-53,0585855,00000000
0,1,151,-53,0585885,00000000
0,2,151,-53,0585914,00000000
0,3,151,-53,0585944,00000000
0,4,151,-54,0585974,00000000
0,5,151,-54,0586003,00000000
0,6,151,-54,0586033,00000000
0,7,151,-54,0586062,00000000
0,8,151,-54,0586092,00000000
0,9,151,-55,0586121,00000000
0,0,152,-55,0586460,00000000
0,1,152,-55,0586489,00000000
0,2,152,-55,0586519,00000000
0,3,152,-55,0586549,00000000
0,4,152,-55,0586578,00000000
0,5,152,-56,0586608,00000000
0,6,152,-56,0586637,00000000
0,7,152,-56,0586667,00000000
0,8,152,-55,0586696,00000000
0,9,152,-55,0586726,00000000
0,0,153,-54,0587064,00000000
0,1,153,-54,0587094,00000000
0,2,153,-54,0587124,00000000
0,3,153,-54,0587153,00000000
0,4,153,-54,0587183,00000000
0,5,153,-54,0587212,00000000
0,6,153,-54,0587242,00000000
0,7,153,-54,0587271,00000000
0,8,153,-54,0587301,00000000
0,9,153,-54,0587330,00000000
0,0,154,-55,0587669,00000000
0,1,154,-54,0587699,00000000
0,2,154,-54,0587728,00000000
0,3,154,-55,0587758,00000000
0,4,154,-55,0587787,00000000
0,5,154,-55,0587817,00000000
0,6,154,-55,0587846,00000000
0,7,154,-55,0587876,00000000
0,8,154,-55,0587905,00000000
0,9,154,-55,0587935,00000000
0,0,155,-57,0588274,00000000
0,1,155,-58,0588303,00000000
0,2,155,-58,0588333,00000000
0,3,155,-58,0588362,00000000
0,4,155,-58,0588392,00000000
0,5,155,-58,0588421,00000000
0,6,155,-58,0588451,00000000
0,7,155,-58,0588481,00000000
0,8,155,-58,0588510,00000000
0,9,155,-58,0588540,00000000
